{
    "device_id": "1",
    "location_name": "Laundry Room",
    "detergent_pumps": [
      {
        "name": "Pump1",
        "active": true,
        "trigger": "time",
        "dosage": 50,
        "xp": 0.95,
        "xt": 0.98,
        "total": 1000,
        "remaining": 250
      },
      {
        "name": "Pump2",
        "active": false,
        "trigger": "level",
        "dosage": 30,
        "xp": 0.92,
        "xt": 0.97,
        "total": 1500,
        "remaining": 800
      }     
    ]
  }